Workbook

Sheet Dashboard
B2: Inventory Test Report
B3: warehouse: SKU-level on hand, monthly demand, cover in months, reorder · prepared 22 October 2026 · USD
B5: SKUs | D5: Units on hand | F5: Months cover | H5: Reorder alerts
B6: =COUNTA(Data!B4:B15) | D6: =SUM(Data!C4:C15) | F6: =IFERROR(SUM(Data!C4:C15)/SUM(Data!D4:D15),0) | H6: =SUMPRODUCT(--(Data!C4:C15<Data!F4:F15))
B7: Active product lines | D7: Physical stock | F7: Aggregate cover | H7: Below reorder point
B10: Stock cover and reorder points
B11: SKU | C11: On hand | D11: Monthly demand | E11: Cover (months) | F11: Reorder point | G11: Lead time (days) | H11: Supplier
B12: FF-BIRD-14 | C12: 148 | D12: 46 | E12: =IFERROR(C12/D12,0) | F12: =ROUND(D12*2,0) | G12: 21 | H12: Glasshouse
B13: FF-POTH-17 | C13: 96 | D13: 38 | E13: =IFERROR(C13/D13,0) | F13: =ROUND(D13*2,0) | G13: 18 | H13: Glasshouse
B14: FF-ZZ-14 | C14: 64 | D14: 21 | E14: =IFERROR(C14/D14,0) | F14: =ROUND(D14*2,0) | G14: 28 | H14: North Growers
B15: FF-HEART-12 | C15: 210 | D15: 74 | E15: =IFERROR(C15/D15,0) | F15: =ROUND(D15*2,0) | G15: 14 | H15: Cuttings Co.
B16: FF-HART-17 | C16: 88 | D16: 26 | E16: =IFERROR(C16/D16,0) | F16: =ROUND(D16*2,0) | G16: 24 | H16: Glasshouse
B17: FF-RUBBER-21 | C17: 42 | D17: 18 | E17: =IFERROR(C17/D17,0) | F17: =ROUND(D17*2,0) | G17: 30 | H17: North Growers
B18: FF-FERN-14 | C18: 132 | D18: 52 | E18: =IFERROR(C18/D18,0) | F18: =ROUND(D18*2,0) | G18: 16 | H18: Cuttings Co.
B19: FF-OLIVE-24 | C19: 37 | D19: 12 | E19: =IFERROR(C19/D19,0) | F19: =ROUND(D19*2,0) | G19: 35 | H19: North Growers
B20: FF-PILEA-12 | C20: 176 | D20: 61 | E20: =IFERROR(C20/D20,0) | F20: =ROUND(D20*2,0) | G20: 15 | H20: Cuttings Co.
B21: FF-CACTUS-9 | C21: 120 | D21: 33 | E21: =IFERROR(C21/D21,0) | F21: =ROUND(D21*2,0) | G21: 19 | H21: Desert House
B22: FF-MOSS-6 | C22: 240 | D22: 80 | E22: =IFERROR(C22/D22,0) | F22: =ROUND(D22*2,0) | G22: 10 | H22: Cuttings Co.
B23: FF-POT-14 | C23: 310 | D23: 95 | E23: =IFERROR(C23/D23,0) | F23: =ROUND(D23*2,0) | G23: 7 | H23: Clay Works
B24: Total | C24: =SUM(C12:C23) | D24: =SUM(D12:D23) | E24: =IFERROR(C24/(D24/12),0) | F24: =SUM(F12:F23) | G24: =AVERAGE(G12:G23)

Sheet Trend
A1: Cover by SKU (months)
A3: SKU | B3: Cover
A4: FF-BIRD-14 | B4: ='Dashboard'!E12
A5: FF-POTH-17 | B5: ='Dashboard'!E13
A6: FF-ZZ-14 | B6: ='Dashboard'!E14
A7: FF-HEART-12 | B7: ='Dashboard'!E15
A8: FF-HART-17 | B8: ='Dashboard'!E16
A9: FF-RUBBER-21 | B9: ='Dashboard'!E17
A10: FF-FERN-14 | B10: ='Dashboard'!E18
A11: FF-OLIVE-24 | B11: ='Dashboard'!E19
A12: FF-PILEA-12 | B12: ='Dashboard'!E20
A13: FF-CACTUS-9 | B13: ='Dashboard'!E21
A14: FF-MOSS-6 | B14: ='Dashboard'!E22
A15: FF-POT-14 | B15: ='Dashboard'!E23

Sheet Data
A1: Stock cover and reorder points
A2: Edit on-hand and monthly demand; cover and reorder flags recalculate.
B3: SKU | C3: On hand | D3: Monthly demand | E3: Cover (months) | F3: Reorder point | G3: Lead time (days) | H3: Supplier | I3: Notes
B4: FF-BIRD-14 | C4: 148 | D4: 46 | E4: =IFERROR(C4/D4,0) | F4: =ROUND(D4*2,0) | G4: 21 | H4: Glasshouse | I4: Core
B5: FF-POTH-17 | C5: 96 | D5: 38 | E5: =IFERROR(C5/D5,0) | F5: =ROUND(D5*2,0) | G5: 18 | H5: Glasshouse | I5: Core
B6: FF-ZZ-14 | C6: 64 | D6: 21 | E6: =IFERROR(C6/D6,0) | F6: =ROUND(D6*2,0) | G6: 28 | H6: North Growers | I6: Slow
B7: FF-HEART-12 | C7: 210 | D7: 74 | E7: =IFERROR(C7/D7,0) | F7: =ROUND(D7*2,0) | G7: 14 | H7: Cuttings Co. | I7: Core
B8: FF-HART-17 | C8: 88 | D8: 26 | E8: =IFERROR(C8/D8,0) | F8: =ROUND(D8*2,0) | G8: 24 | H8: Glasshouse | I8: Seasonal
B9: FF-RUBBER-21 | C9: 42 | D9: 18 | E9: =IFERROR(C9/D9,0) | F9: =ROUND(D9*2,0) | G9: 30 | H9: North Growers | I9: Statement
B10: FF-FERN-14 | C10: 132 | D10: 52 | E10: =IFERROR(C10/D10,0) | F10: =ROUND(D10*2,0) | G10: 16 | H10: Cuttings Co. | I10: Seasonal
B11: FF-OLIVE-24 | C11: 37 | D11: 12 | E11: =IFERROR(C11/D11,0) | F11: =ROUND(D11*2,0) | G11: 35 | H11: North Growers | I11: Statement
B12: FF-PILEA-12 | C12: 176 | D12: 61 | E12: =IFERROR(C12/D12,0) | F12: =ROUND(D12*2,0) | G12: 15 | H12: Cuttings Co. | I12: Core
B13: FF-CACTUS-9 | C13: 120 | D13: 33 | E13: =IFERROR(C13/D13,0) | F13: =ROUND(D13*2,0) | G13: 19 | H13: Desert House | I13: Gift
B14: FF-MOSS-6 | C14: 240 | D14: 80 | E14: =IFERROR(C14/D14,0) | F14: =ROUND(D14*2,0) | G14: 10 | H14: Cuttings Co. | I14: Seasonal
B15: FF-POT-14 | C15: 310 | D15: 95 | E15: =IFERROR(C15/D15,0) | F15: =ROUND(D15*2,0) | G15: 7 | H15: Clay Works | I15: Pot

Sheet Assumptions
A1: Assumptions and controls
A3: Safety stock | B3: 0.2
A4: Seasonal uplift | B4: 0.15
A5: Shrinkage | B5: 0.03
A6: Reorder multiple | B6: 24
A7: Lead time buffer (days) | B7: 5
A10: Notes
A11: All values are fictional and internally consistent for demonstration.
A12: Dashboard totals use live formulas; edits in Data recalculate the view.
A13: No external links, macros or cached secrets are present in this workbook.
A14: Workbook mode: inventory; chart series are bound to the table above.
